N,d,alpha,energy,variance
100,2,0.1,259.769,582.777
100,2,0.2,145.088,110.959
100,2,0.3,113.195,27.193
100,2,0.4,102.429,5.18458
100,2,0.5,100,0
100,2,0.6,101.795,3.63405
100,2,0.7,105.723,10.0012
100,2,0.8,109.953,25.6705
100,2,0.9,115.978,43.2774
100,2,1,124.974,37.4713
