N,d,alpha,energy,variance
10,1,0.1,12.9396,28.5282
10,1,0.2,7.28795,5.5769
10,1,0.3,5.65738,1.40154
10,1,0.4,5.11908,0.254553
10,1,0.5,5,0
10,1,0.6,5.0812,0.168326
10,1,0.7,5.28857,0.586292
10,1,0.8,5.56921,1.16314
10,1,0.9,5.89092,1.92639
10,1,1,6.26088,2.79932
