N,d,alpha,energy,variance
100,3,0.1,390.811,1126.56
100,3,0.2,217.245,222.839
100,3,0.3,169.151,44.0763
100,3,0.4,153.558,7.19525
100,3,0.5,150,0
100,3,0.6,152.555,5.33426
100,3,0.7,158.334,17.1021
100,3,0.8,166.878,37.1421
100,3,0.9,176.76,60.3913
100,3,1,187.613,89.7433
