N,d,alpha,energy,variance
100,3,0.1,392.374,1194.49
100,3,0.2,217.736,194.136
100,3,0.3,170.121,43.5531
100,3,0.4,153.79,8.17073
100,3,0.5,150,0
100,3,0.6,152.514,4.98511
100,3,0.7,158.982,17.5993
100,3,0.8,167.15,34.3038
100,3,0.9,176.362,56.9181
100,3,1,187.69,86.6952
