N,d,alpha,energy,variance
10,3,0.1,38.9658,85.8566
10,3,0.2,21.7822,17.0311
10,3,0.3,17.0257,4.28871
10,3,0.4,15.3772,0.756154
10,3,0.5,15,0
10,3,0.6,15.2446,0.511883
10,3,0.7,15.851,1.71777
10,3,0.8,16.6924,3.67722
10,3,0.9,17.6215,5.84523
10,3,1,18.765,8.63169
