N,d,alpha,energy,variance
100,3,0.1,389.789,895.453
100,3,0.2,217.664,171.156
100,3,0.3,169.986,43.4843
100,3,0.4,154.123,8.26593
100,3,0.5,150,0
100,3,0.6,152.846,4.7876
100,3,0.7,153.134,11.8498
100,3,0.8,161.905,28.0216
100,3,0.9,165.345,9.7445
100,3,1,171.534,9.84909
