N,d,alpha,energy,variance
10,2,0.1,26.3509,54.5508
10,2,0.2,14.4834,12.3935
10,2,0.3,11.3566,2.85609
10,2,0.4,10.1916,0.491767
10,2,0.5,10,0
10,2,0.6,10.1493,0.339564
10,2,0.7,10.5732,1.09699
10,2,0.8,11.1718,2.50279
10,2,0.9,11.9405,3.7237
10,2,1,12.4982,5.92313
