N,d,alpha,energy,variance
100,1,0.1,130.012,290.267
100,1,0.2,72.4326,54.5818
100,1,0.3,56.6448,14.1245
100,1,0.4,51.2393,2.52149
100,1,0.5,50,0
100,1,0.6,50.8374,1.66774
100,1,0.7,52.8918,5.87497
100,1,0.8,55.665,11.7412
100,1,0.9,59.1029,19.4969
100,1,1,62.6052,28.0003
