N,d,alpha,energy,variance
10,3,0.1,39.8126,97.3017
10,3,0.2,21.8209,15.9313
10,3,0.3,17.2073,4.33936
10,3,0.4,15.3946,0.749607
10,3,0.5,15,0
10,3,0.6,15.2416,0.521613
10,3,0.7,15.8466,1.90722
10,3,0.8,16.682,3.39854
10,3,0.9,17.5886,5.88061
10,3,1,18.7355,8.34694
