N,d,alpha,energy,variance
1,3,0.1,3.93434,8.68308
1,3,0.2,2.1662,1.62026
1,3,0.3,1.69297,0.415214
1,3,0.4,1.53666,0.0763456
1,3,0.5,1.5,0
1,3,0.6,1.52278,0.0515514
1,3,0.7,1.58829,0.172646
1,3,0.8,1.66773,0.357424
1,3,0.9,1.76995,0.576529
1,3,1,1.87042,0.85249
