N,d,alpha,energy,variance
1,2,0.1,2.6598,6.08451
1,2,0.2,1.40734,1.00495
1,2,0.3,1.16298,0.293817
1,2,0.4,1.02708,0.0487368
1,2,0.5,1,0
1,2,0.6,1.01708,0.0339726
1,2,0.7,1.0533,0.111177
1,2,0.8,1.10622,0.225525
1,2,0.9,1.17691,0.361996
1,2,1,1.27058,0.566938
