N,d,alpha,energy,variance
1,3,0.1,4.17043,8.68681
1,3,0.2,2.25872,1.87662
1,3,0.3,1.73227,0.473599
1,3,0.4,1.54165,0.0739155
1,3,0.5,1.5,0
1,3,0.6,1.54144,0.0459863
1,3,0.7,1.57699,0.215251
1,3,0.8,1.66445,0.33776
1,3,0.9,1.7338,0.635837
1,3,1,1.8659,0.881422
