N,d,alpha,energy,variance
1,1,0.1,1.33529,3.0028
1,1,0.2,0.722566,0.542539
1,1,0.3,0.567937,0.142938
1,1,0.4,0.512005,0.0250238
1,1,0.5,0.5,0
1,1,0.6,0.508888,0.0167684
1,1,0.7,0.529505,0.0584093
1,1,0.8,0.557988,0.117238
1,1,0.9,0.588261,0.193795
1,1,1,0.624981,0.282127
