N,d,alpha,energy,variance
1,1,0.1,1.36324,2.63146
1,1,0.2,0.635899,0.40053
1,1,0.3,0.564935,0.138892
1,1,0.4,0.521618,0.0312825
1,1,0.5,0.5,0
1,1,0.6,0.507908,0.0175245
1,1,0.7,0.542609,0.0507394
1,1,0.8,0.545937,0.124482
1,1,0.9,0.608156,0.175593
1,1,1,0.597962,0.358993
