MC,N,d,alpha,energy,variance
1000,500,3,0.1,1923.06,58021.2
1000,500,3,0.124176,1583.47,28584
1000,500,3,0.146116,1451.7,22575.1
1000,500,3,0.153721,1371.32,17387.5
1000,500,3,0.159556,1303.08,13209.2
1000,500,3,0.165106,1265.92,12461.2
1000,500,3,0.170096,1238.06,11115
1000,500,3,0.174552,1203.58,9851.41
1000,500,3,0.179531,1188.88,10931.2
1000,500,3,0.183451,1160.22,8536.79
1000,500,3,0.186903,1126.83,7467.65
1000,500,3,0.19106,1131.89,8939.12
